Subscription ID,Contracting Party,Subscription Status,Type,Internal,Jira Ref,Initiative Code,Initiative,Contour Identity,Identity Legal Entity Name (O),Identity BIC,Identity LEI,Identity Reg Number,X500-O,X500-OU,X500-L,X500-C,Set-up Date,Hosting Type,Identity Contacts (CSV),Full X500,BNO DB Status,BNO ID,Cordapp Version,CNF Sponsored,Billing Run Result,Events This Month,Total Events,BNMS vs BNO,TBC
1,HSBC Global Services (Hong Kong) Limited,113,Bank,FALSE,HOT-31,,0,HSBC India,The Hongkong and Shanghai Banking Corporation Limited,HSBCINBB,,F00947,The Hongkong and Shanghai Banking Corporation Limited,Global Trade and Receivables Finance Production,Mumbai,IN,29-Jan,Self-Managed,andy.x.c.wang@hsbc.com.cn; bing.qu@hsbc.com; eric.e.miao@hsbc.com; keano.y.c.chan@hsbc.com.hk; sandy.j.peng@hsbc.com.cn; henrique.centieiro@hsbc.com.hk ,"ou=global trade and receivables finance production, o=the hongkong and shanghai banking corporation limited, l=mumbai, c=in",Active,878938163,60100,OK,SUCCESS,0,2,OK,
1,HSBC Global Services (Hong Kong) Limited,113,Bank,FALSE,HELP-3,,0,HSBC Hong Kong,HSBC Global Services (Hong Kong) Limited,HSBCHKHHHKH,2HI3YI5320L3RW6NJ957,263876,The Hongkong and Shanghai Banking Corporation Limited,GTRF Production,Central District,HK,29-Jan,Self-Managed,andy.x.c.wang@hsbc.com.cn; bing.qu@hsbc.com; eric.e.miao@hsbc.com; keano.y.c.chan@hsbc.com.hk; sandy.j.peng@hsbc.com.cn; henrique.centieiro@hsbc.com.hk ,"ou=gtrf production, o=the hongkong and shanghai banking corporation limited, l=central district, c=hk",Active,711592122,60100,OK,SUCCESS,0,2,OK,
2,Standard Chartered Bank (Singapore) Limited,113,Bank,FALSE,HELP-101,,0,Standard Chartered Bank - Node 3,Standard Chartered Bank (Singapore) Limited,SCBLSG22,549300MDYVVHJ8D1DW28,201224747C,Standard Chartered Bank (Singapore) Limited,CIB ITO-CORDA,Singapore,SG,1-Feb,Self-Managed,Balaraman.Kunduvara@sc.com; Himanshu.maggo@sc.com; Lisna.Chia@sc.com; Nikhil.Awasthi@sc.com; Urvesh.Mehta@sc.com; Rajaguru.Raman@sc.com; ,"ou=cib ito-corda, o=standard chartered bank (singapore) limited, l=singapore, c=sg",Active,197542693,60000,OK,SUCCESS,0,0,OK,
3,"Standard Chartered Bank, Bangladesh Branch",113,Bank,FALSE,HELP-31,,0,Standard Chartered Bank Bangladesh Branch Limited,Standard Chartered Bank Bangladesh Branch Limited,SCBLBDDX,,03-077300,Standard Chartered Bank Bangladesh Branch Limited,CIB ITO-CORDA,Dhaka,BD,1-Feb,Self-Managed,Balaraman.Kunduvara@sc.com; Himanshu.maggo@sc.com; Lisna.Chia@sc.com; Nikhil.Awasthi@sc.com; Urvesh.Mehta@sc.com; Rajaguru.Raman@sc.com; ,"ou=cib ito-corda, o=standard chartered bank bangladesh branch limited, l=dhaka, c=bd",Active,460503030,60000,OK,SUCCESS,0,0,OK,
1,HSBC Global Services (Hong Kong) Limited,113,Bank,FALSE,??,,0,HSBC UAE,HSBC Bank Middle East Ltd,BBMEAEAD,549300F99IL9YJDWH369,2199,HSBC Bank Middle East Ltd,GTRF Production,Dubai,AE,30-Jul,Self-Managed,andy.x.c.wang@hsbc.com.cn; bing.qu@hsbc.com; eric.e.miao@hsbc.com; keano.y.c.chan@hsbc.com.hk; sandy.j.peng@hsbc.com.cn; henrique.centieiro@hsbc.com.hk ,"ou=gtrf production, o=hsbc bank middle east ltd, l=dubai, c=ae",Active,479280980,60100,ERROR,SUCCESS,1,1,OK,
1,HSBC Global Services (Hong Kong) Limited,113,Bank,FALSE,HELP-2,,0,HSBC Singapore,The Hongkong and Shanghai Banking Corporation Limited,HSBCSGSG,,S16FC0010A,The Hongkong and Shanghai Banking Corporation Limited,Global Trade and Receivables Finance Production,Singapore,SG,11-Feb,Self-Managed,andy.x.c.wang@hsbc.com.cn; bing.qu@hsbc.com; eric.e.miao@hsbc.com; keano.y.c.chan@hsbc.com.hk; sandy.j.peng@hsbc.com.cn; henrique.centieiro@hsbc.com.hk ,"ou=global trade and receivables finance production, o=the hongkong and shanghai banking corporation limited, l=singapore, c=sg",Active,330856180,60100,OK,SUCCESS,2,4,OK,
1,HSBC Global Services (Hong Kong) Limited,113,Bank,FALSE,HELP-39,,0,HSBC Bangladesh,The Hongkong and Shanghai Banking Corporation Limited,HSBCBDDH,,000002671-0002,The Hongkong and Shanghai Banking Corporation Limited,Global Trade and Receivables Finance Production,Dhaka,BD,26-Feb,Self-Managed,andy.x.c.wang@hsbc.com.cn; bing.qu@hsbc.com; eric.e.miao@hsbc.com; keano.y.c.chan@hsbc.com.hk; sandy.j.peng@hsbc.com.cn; henrique.centieiro@hsbc.com.hk ,"ou=global trade and receivables finance production, o=the hongkong and shanghai banking corporation limited, l=dhaka, c=bd",Active,852857632,60100,OK,SUCCESS,2,2,OK,
1,HSBC Global Services (Hong Kong) Limited,113,Bank,FALSE,HELP-40,,0,HSBC Malaysia,HSBC Bank Malaysia Berhad,HBMBMYKL,P3RPN9OJFCXUPJWB1Q09,198401015221 (127776-V),HSBC Bank Malaysia Berhad,GTRF Production,Kuala Lumpur,MY,30-Jul,Self-Managed,andy.x.c.wang@hsbc.com.cn; bing.qu@hsbc.com; eric.e.miao@hsbc.com; keano.y.c.chan@hsbc.com.hk; sandy.j.peng@hsbc.com.cn; henrique.centieiro@hsbc.com.hk ,"ou=gtrf production, o=hsbc bank malaysia berhad, l=kuala lumpur, c=my",Active,509447106,60100,ERROR,SUCCESS,0,0,OK,
10,PT Bank Permata Tbk,172,Bank,FALSE,HELP-85,,0,PT BANK PERMATA TBK,PT Bank Permata TBK,BBBAIDJAXXX,5493003MGU02RFSRZT53,8.12012E+12,PT Bank Permata TBK,Permata,Jakarta,ID,30-Mar,Self-Managed,andi.saputra@permatabank.co.id; dimas.dwiputra@permatabank.co.id; dwitarsa@permatabank.co.id; geoffrey.laurens@permatabank.co.id; hrprasetyo@permatabank.co.id; rnainggolan@permatabank.co.id; ,"ou=permata, o=pt bank permata tbk, l=jakarta, c=id",Active,769225837,60000,OK,SUCCESS,0,0,OK,
1,HSBC Global Services (Hong Kong) Limited,113,Bank,FALSE,HELP-102,,0,Hang Seng Bank Hong Kong,Hang Seng Bank Limited,HASEHKHH,5493009Z5F07LWZYMK62,149472,Hang Seng Bank Limited,GTRF Production,Central District,HK,8-Apr,Self-Managed,andy.x.c.wang@hsbc.com.cn; bing.qu@hsbc.com; eric.e.miao@hsbc.com; keano.y.c.chan@hsbc.com.hk; sandy.j.peng@hsbc.com.cn; henrique.centieiro@hsbc.com.hk ,"ou=gtrf production, o=hang seng bank limited, l=central district, c=hk",Active,522497260,60100,OK,SUCCESS,1,2,OK,
1,HSBC Global Services (Hong Kong) Limited,113,Bank,FALSE,HOT-171,,0,HSBC China,HSBC Bank (China) Company Limited,HSBCCNSHXXX,2CZOJRADNJXBLT55G526,9.131E+17,HSBC Bank (China) Company Limited,GTRF Production,Shanghai,CN,9-Jul,Self-Managed,andy.x.c.wang@hsbc.com.cn; bing.qu@hsbc.com; eric.e.miao@hsbc.com; keano.y.c.chan@hsbc.com.hk; sandy.j.peng@hsbc.com.cn; henrique.centieiro@hsbc.com.hk ,"ou=gtrf production, o=hsbc bank (china) company limited, l=shanghai, c=cn",Active,883662669,60100,ERROR,SUCCESS,0,0,OK,
9,Skandinaviska Enskilda Banken AB (publ),172,Bank,FALSE,HOT-103,,0,SEB,Skandinaviska Enskilda Banken AB (publ),ESSESESSXXX,F3JS33DEI6XQ4ZBPTN86,5020329081,Skandinaviska Enskilda Banken AB (publ),Node1,Stockholm,SE,14-Apr,Self-Managed,marina.sandquist@seb.se; thommy.lindahl@seb.se,"ou=node1, o=skandinaviska enskilda banken ab (publ), l=stockholm, c=se",Active,11567442,60000,OK,SUCCESS,0,0,OK,
6,BNP Paribas SA,144,Bank,FALSE,HOT-125,,0,BNP PARIBAS,BNP Paribas,BNPAFRPP,R0MUWSFPU8MPRO8K5P83,662042449,BNP Paribas,CTR PRD AGENT 01,Paris,FR,28-Apr,Self-Managed,baptiste.zegre@externe.bnpparibas.com; jose.pires@bnpparibas.com; kamal.naitouahmane@externe.bnpparibas.com; samer.elmurr@bnpparibas.com; ,"ou=ctr prd agent 01, o=bnp paribas, l=paris, c=fr",Active,82710369,60000,OK,SUCCESS,0,0,OK,
40,Standard Chartered Global Business Services Private Limited,113,Bank,FALSE,HOT-176,,0,Standard Chartered Bank – Node 1,STANDARD CHARTERED GLOBAL BUSINESS SERVICES PRIVATE LIMITED,Not found,335800QQ8KN4Q9EF4133,U67190TN2000PTC049177,STANDARD CHARTERED GLOBAL BUSINESS SERVICES PRIVATE LIMITED,CIB ITO-CORDA-SCB IN,Chennai,IN,18-Jul,Self-Managed,andrelee@dbs.com; bryankang@dbs.com; leonardtanpc@dbs.com; louisatang@dbs.com; mankwanchen@dbs.com; melanieyau@dbs.com; patrickng@dbs.com; wanganchua@dbs.com,"ou=cib ito-corda-scb in, o=standard chartered global business services private limited, l=chennai, c=in",Active,154952850,60000,ERROR,SUCCESS,0,2,OK,
1,HSBC Global Services (Hong Kong) Limited,113,Bank,FALSE,HELP-438,,0,HSBC Thailand,The Hongkong and Shanghai Banking Corporation Limited,HSBCTHBK,,1.00544E+11,The Hongkong and Shanghai Banking Corporation Limited,Global Trade and Receivables Finance Production,Bangkok,TH,25-Aug,Self-Managed,andy.x.c.wang@hsbc.com.cn; bing.qu@hsbc.com; eric.e.miao@hsbc.com; keano.y.c.chan@hsbc.com.hk; sandy.j.peng@hsbc.com.cn; henrique.centieiro@hsbc.com.hk ; j-c.manghardt@hsbc.com.hk ; benson.s.p.wong@hsbc.com.hk ,"ou=global trade and receivables finance production, o=the hongkong and shanghai banking corporation limited, l=bangkok, c=th",Active,189127242,60100,ERROR,SUCCESS,0,0,OK,
13,Tata Steel Limited,129,Corporate,FALSE,HELP-34,,0,TATA STEEL LIMITED,TATA Steel Limited,Not found,335800E6C75YGSGD5T66,L27100MH1907PLC000260,TATA Steel Limited,Trade Finance,Mumbai,IN,24-Feb,Cloud,amitk@tatasteel.com; mini.susan@tatasteel.com; rahullal@tatasteel.com; ,"ou=trade finance, o=tata steel limited, l=mumbai, c=in",Active,404564522,60100,OK,SUCCESS,0,2,OK,
12,Universal Tube and Plastic Industries Ltd.,144,Corporate,FALSE,HELP-38,,0,Universal Tube and Plastic Industries Ltd.,Universal Tube and Plastic Industries Ltd.,Not found,,105424B,Universal Tube and Plastic Industries Ltd.,Trade Finance,Dubai,AE,24-Feb,Cloud,sandeep@universaltubes.com; shylu@universaltubes.com; utpinfo@universaltubes.com; ,"ou=trade finance, o=universal tube and plastic industries ltd., l=dubai, c=ae",Active,668283612,60100,OK,SUCCESS,0,0,OK,
5,Xiamen ITG,172,Corporate,FALSE,HELP-35,,0,"Xiamen ITG Group Corp., Ltd",Xiamen ITG Group Corp. Ltd,Not found,,9.13502E+17,Xiamen ITG Group Corp. Ltd,Trade Finance,Xiamen,CN,12-Mar,Cloud,liyulong@itg.com.cn; sunbk@itg.com.cn; xuyiwei@itg.com.cn;,"ou=trade finance, o=xiamen itg group corp. ltd, l=xiamen, c=cn",Active,381818972,60100,OK,SUCCESS,0,0,OK,
4,Bank of China (Hong Kong),172,Bank,FALSE,HELP-25,,0,Bank of China (Hong Kong) Limited,Bank of China (Hong Kong) Limited,BKCHHKHHXXX,KNPC1X7GHDZW8U2ZSF89,01779270 - 000,Bank of China (Hong Kong) Limited,Trade Finance,Hong Kong,HK,5-Mar,Cloud,emilybhng@bochk.com; kane_hhlai@bochk.com; tsckmchiu@bohk.com; tsclchik@bochk.com; ,"ou=trade finance, o=bank of china (hong kong) limited, l=hong kong, c=hk",Active,999225753,60100,OK,SUCCESS,0,0,OK,
11,ICBC Xiamen,172,Bank,FALSE,HELP-61,,0,"INDUSTRIAL AND COMMERCIAL BANK OF CHINA,XIAMEN CITY BRANCH",Industrial and Commercial Bank of China Limited Xiamen Branch Business Office,ICBKCNBJSMM ,,91350200854989713W,Industrial and Commercial Bank of China Limited Xiamen Branch Business Office,Trade Finance,Xiamen,CN,12-Mar,Cloud,fangyiru@xm.icbc.com.cn;,"ou=trade finance, o=industrial and commercial bank of china limited xiamen branch business office, l=xiamen, c=cn",Active,195191574,60100,OK,SUCCESS,0,3,OK,
8,Rio Tinto Commercial Pte. Ltd.,172,Corporate,FALSE,HELP-60,,0,Rio Tinto Commercial Pte Ltd,Rio Tinto Commercial Pte Ltd,Not found,875500B0FWFIGPISQH05,200711921E,Rio Tinto Commercial Pte Ltd,Trade Finance,Singapore,SG,12-Mar,Cloud,Annie.Ho@riotinto.com; doreen.chew@riotinto.com; doreen.lee@riotinto.com; Michel.Alves@riotinto.com; cstradefinance@riotinto.com; SiokHwee.Tan@riotinto.com; weijie.koh@riotinto.com; Dawn.Low@riotinto.com; ,"ou=trade finance, o=rio tinto commercial pte ltd, l=singapore, c=sg",Active,983807791,60100,OK,SUCCESS,1,3,OK,
14,DBS Bank Limited,203,Bank,FALSE,HELP-86,,0,DBS BANK LTD.,DBS Bank Ltd.,DBSSSGSG,ATUEL7OJR5057F2PV266,196800306E,DBS Bank Ltd.,Trade Finance,Singapore,SG,29-Mar,Cloud,acasiusleong@dbs.com; alextangky@dbs.com; catherinehuangh@dbs.com; keitheng@dbs.com; leonardtanpc@dbs.com; megansoo@dbs.com; siewjinliew@dbs.com; SiewLanChing@dbs.com; YeeLee@dbs.com,"ou=trade finance, o=dbs bank ltd., l=singapore, c=sg",Active,722481030,60100,OK,SUCCESS,0,5,OK,
5,Xiamen ITG,172,Corporate,FALSE,HELP-35,,0,Pointer Investment  - Hong Kong,Pointer Investment (Hong Kong) Limited,Not found,,143030,Pointer Investment (Hong Kong) Limited,Trade Finance,Hong Kong,HK,24-Mar,Cloud,liyulong@itg.com.cn; sunbk@itg.com.cn; xuyiwei@itg.com.cn;,"ou=trade finance, o=pointer investment (hong kong) limited, l=hong kong, c=hk",Active,27155922,60100,OK,SUCCESS,0,0,OK,
8,Rio Tinto Commercial Pte. Ltd.,172,Corporate,FALSE,HELP-71,,0,ROBE RIVER ORE SALES PTY. LTD.,Robe River Ore Sales Pty. Ltd.,Not found,,ACN053296254,Robe River Ore Sales Pty. Ltd.,Trade Finance,Perth,AU,24-Mar,Cloud,Annie.Ho@riotinto.com; doreen.chew@riotinto.com; doreen.lee@riotinto.com; Michel.Alves@riotinto.com; cstradefinance@riotinto.com; SiokHwee.Tan@riotinto.com; weijie.koh@riotinto.com; Dawn.Low@riotinto.com; ,"ou=trade finance, o=robe river ore sales pty. ltd., l=perth, c=au",Active,84736786,60100,OK,SUCCESS,1,1,OK,
8,Rio Tinto Commercial Pte. Ltd.,172,Corporate,FALSE,HELP-70,,0,HOPE DOWNS MARKETING COMPANY PTY LTD,Hope Downs Marketing Company Pty Ltd,Not found,,ACN115712117,Hope Downs Marketing Company Pty Ltd,Trade Finance,Perth,AU,24-Mar,Cloud,Annie.Ho@riotinto.com; doreen.chew@riotinto.com; doreen.lee@riotinto.com; Michel.Alves@riotinto.com; cstradefinance@riotinto.com; SiokHwee.Tan@riotinto.com; weijie.koh@riotinto.com; Dawn.Low@riotinto.com; ,"ou=trade finance, o=hope downs marketing company pty ltd, l=perth, c=au",Active,83641626,60100,OK,SUCCESS,1,1,OK,
7,Bangkok Bank Public Company Limited,172,Bank,FALSE,HELP-95,,0,Bangkok Bank - Thailand,Bangkok Bank Public Company Limited,BKKBTHBK,549300CCL2BKJGMYXV60,1.07536E+11,Bangkok Bank Public Company Limited,Trade Finance,Bangkok,TH,24-Mar,Cloud,Kantipong.Phairot@bangkokbank.com; Pintuwan.Kleijssen@bangkokbank.com; kajohnsak.manaviriyakul@bangkokbank.com; ,"ou=trade finance, o=bangkok bank public company limited, l=bangkok, c=th",Active,725177225,60100,ERROR,SUCCESS,0,0,OK,
7,Bangkok Bank Public Company Limited,172,Bank,FALSE,HELP-94,,0,Bangkok Bank - Vietnam,Bangkok Bank Public Company Limited,BKKBVNVX,,301219010,Bangkok Bank Public Company Limited,Trade Finance,Ho Chi Minh City,VN,24-Mar,Cloud,Kantipong.Phairot@bangkokbank.com; Pintuwan.Kleijssen@bangkokbank.com; kajohnsak.manaviriyakul@bangkokbank.com; ,"ou=trade finance, o=bangkok bank public company limited, l=ho chi minh city, c=vn",Active,269950954,60100,ERROR,SUCCESS,0,0,OK,
17,Hangzhou Iron & Steel (H.K.) Co Ltd,203,Corporate,FALSE,HELP-117,447Q38,CWP,HANGZHOU IRON & STEEL (H.K.) COMPANY LIMITED,HANGZHOU IRON & STEEL (H.K.) COMPANY LIMITED,Not found,,686829,HANGZHOU IRON & STEEL (H.K.) COMPANY LIMITED,Trade Finance,Hong Kong,HK,9-Apr,Cloud,alex@fuchuen.com; memo@fuchuen.com; taiyl@fuchuen.com;,"ou=trade finance, o=hangzhou iron & steel (h.k.) company limited, l=hong kong, c=hk",Active,578096936,60100,OK,SUCCESS,0,0,OK,
18,"HBIS Group Hong Kong Co., Limited",233,Corporate,FALSE,HELP-127,650D81,CWP,HBIS Group Hong Kong Co. Limited,HBIS Group Hong Kong Co. Limited,Not found,3003007YDGH5Y16N0B63,51709350-000-01-21-3,HBIS Group Hong Kong Co. Limited,Trade Finance,Hong Kong,HK,20-Apr,Cloud,hesteelhk@hbisco.com; pchung@hbisco.com; kkleung@hbisco.com,"ou=trade finance, o=hbis group hong kong co. limited, l=hong kong, c=hk",Active,928801753,60100,ERROR,SUCCESS,0,0,OK,
19,Vale International SA,233,Corporate,FALSE,??,,0,,Vale International SA,Not found,549300N2ZJ4466RLRV29,CHE-112.796.530,Vale International SA,Trade Finance Prod,St-Prex,CH,30-Apr,Cloud,celeste.prates@vale.com; fatima.kiffer@vale.com; Lim.bengbing@vale.com;verachin.silva@vale.com; yeefong.fan@VALE.COM;Zulkefli.Mohamed@vale.com ,"ou=trade finance prod, o=vale international sa, l=st-prex, c=ch",Active,176862724,60100,ERROR,SUCCESS,0,0,OK,
19,Vale International SA,233,Corporate,FALSE,HELP-134,,0,Vale International SA,Vale International SA,Not found,549300N2ZJ4466RLRV29,CHE-112.796.530,Vale International SA,Trade Finance,St-Prex,CH,30-Apr,Cloud,celeste.prates@vale.com; fatima.kiffer@vale.com; Lim.bengbing@vale.com;verachin.silva@vale.com; yeefong.fan@VALE.COM;Zulkefli.Mohamed@vale.com ,"ou=trade finance, o=vale international sa, l=st-prex, c=ch",Terminated,340415874,60100,ERROR,FAILURE,0,3,OK,
20,Toptip Holding Pte. Ltd,233,Corporate,FALSE,HELP-139,981X83,CWP,TOPTIP HOLDING PTE. LTD,Toptip Holding Pte. Ltd,Not found,549300L8TAS7NXL71I52,200805680W,Toptip Holding Pte. Ltd,Trade Finance,Singapore,SG,4-May,Cloud,ops@toptip.com.sg,"ou=trade finance, o=toptip holding pte. ltd, l=singapore, c=sg",Active,485648362,60100,ERROR,SUCCESS,0,0,OK,
22,Singapore Jinteng International Pte. Ltd.,264,Corporate,FALSE,HELP-167,3.56E+16,CWP,Singapore Jinteng International Pte Ltd,Singapore Jinteng International Pte Ltd,Not found,30030009YNC87ZEJ0I96,201318265D,Singapore Jinteng International Pte Ltd,Trade Finance,Singapore,SG,7-Jun,Cloud,baisuqiu@njsteel.com.cn; diaochenghai@njsteel.com.cn; yushui@njsteel.com.cn; zhaoqian@njsteel.com.cn,"ou=trade finance, o=singapore jinteng international pte ltd, l=singapore, c=sg",Active,410876024,60100,ERROR,SUCCESS,0,0,OK,
23,Chandra Asri Trading Company Pte. Ltd. ,264,Corporate,FALSE,HELP-172,555G91,CWP,Chandra Asri Trading Company Pte Ltd,Chandra Asri Trading Company Pte Ltd,Not found,,20091921M,Chandra Asri Trading Company Pte Ltd,Trade Finance,Singapore,SG,7-Jun,Cloud,adhi.rachman@capcx.com; irawan@capcx.com; jonathan.kandinata@capcx.com,"ou=trade finance, o=chandra asri trading company pte ltd, l=singapore, c=sg",Active,152502340,60100,ERROR,SUCCESS,0,0,OK,
24,Hong Kong Jinteng Development Ltd.,294,Corporate,FALSE,HELP-183,715S67,CWP,HONG KONG JINTENG DEVELOPMENT LIMITED,HONG KONG JINTENG DEVELOPMENT LIMITED,Not found,,2326713,HONG KONG JINTENG DEVELOPMENT LIMITED,Trade Finance,Hong Kong,HK,14-Jun,Cloud,baisuqiu@njsteel.com.cn; diaochenghai@njsteel.com.cn; yushui@njsteel.com.cn; zhaoqian@njsteel.com.cn,"ou=trade finance, o=hong kong jinteng development limited, l=hong kong, c=hk",Active,58791134,60100,ERROR,SUCCESS,0,0,OK,
25,Cemcoa Limited,294,Corporate,FALSE,HELP-189,274O83,CWP,CEMCOA LIMITED,CEMCOA LIMITED,Not found,,11264267-000-08-18-2,CEMCOA LIMITED,Trade Finance,Hong Kong,HK,15-Jun,Cloud,anika.chowdhury@thecemcoa.com; bills@thecemcoa.com; joseph.kwan@thecemcoa.com; john.khew@ssgil.com; treasury@thecemcoa.com; kineks.cheung@thecemcoa.com,"ou=trade finance, o=cemcoa limited, l=hong kong, c=hk",Active,92015259,60100,ERROR,SUCCESS,0,0,OK,
27,"Metal One (Thailand) Co., Ltd",294,Corporate,FALSE,HELP-198,376Y65,CWP,Metal One (Thailand) Company Limited,Metal One (Thailand) Company Limited,Not found,,2.4554E+11,Metal One (Thailand) Company Limited,Trade Finance,Bangkok,TH,17-Jun,Cloud,anon.c@mtlo.co.th; kazuyuki.inada@mtlo.co.th; mayuree@mtlo.co.th; phakhamon@mtlo.co.th,"ou=trade finance, o=metal one (thailand) company limited, l=bangkok, c=th",Active,569400533,60100,ERROR,SUCCESS,0,0,OK,
29,"SCG Plastics Co., Ltd.",294,Corporate,FALSE,HELP-209,767S67,CWP,SCG Plastics Company Limited,SCG Plastics Company Limited,Not found,,1.05538E+11,SCG Plastics Company Limited,Trade Finance,Bangkok,TH,21-Jun,Cloud,nattinea@scg.com; patcharm@scg.com; piyanucs@scg.com,"ou=trade finance, o=scg plastics company limited, l=bangkok, c=th",Active,634153867,60100,ERROR,SUCCESS,0,0,OK,
28,"SCG Performance Chemicals Co., Ltd",294,Corporate,FALSE,HELP-214,765X59,CWP,SCG Performance Chemicals Company Limited,SCG Performance Chemicals Company Limited,Not found,,1.05551E+11,SCG Performance Chemicals Company Limited,Trade Finance,Bangkok,TH,24-Jun,Cloud,nattinea@scg.com; patcharm@scg.com; piyanucs@scg.com,"ou=trade finance, o=scg performance chemicals company limited, l=bangkok, c=th",Active,600389668,60100,ERROR,SUCCESS,0,0,OK,
30,PALM-OLEO SDN BHD,294,Corporate,FALSE,HELP-218,427T62,CWP,PALM-OLEO SDN BHD,PALM-OLEO SDN BHD,Not found,,185886V,PALM-OLEO SDN BHD,Trade Finance,Petaling Jaya,MY,5-Jul,Cloud,alan.lim@klkoleo.com; ml.chin@klkoleo.com; po-shipdocs@klkoleo.com; tracy.ng@klkoleo.com; william.ng@klkoleo.com,"ou=trade finance, o=palm-oleo sdn bhd, l=petaling jaya, c=my",Active,729539857,60100,ERROR,SUCCESS,0,0,OK,
31,PT Arista Latindo,294,Corporate,FALSE,HELP-220,107M20,CWP,PT ARISTA LATINDO,PT ARISTA LATINDO,Not found,,8.1203E+12,PT ARISTA LATINDO,Trade Finance,Jakarta,ID,30-Jun,Cloud,aristaexim@yahoo.com; celly@aristagloves.com; lius@aristagloves.com,"ou=trade finance, o=pt arista latindo, l=jakarta, c=id",Active,892739391,60100,ERROR,SUCCESS,0,0,OK,
34,British American Tobacco Bangladesh Company Ltd,294,Corporate,FALSE,HELP-242,936F68,CWP,BRITISH AMERICAN TOBACCO BANGLADESH CO. LTD.,BRITISH AMERICAN TOBACCO BANGLADESH CO. LTD.,BATSBDA1XXX,213800UHX6IFHXQL8F39,180004,BRITISH AMERICAN TOBACCO BANGLADESH CO. LTD.,Trade Finance,Dhaka,BD,2-Jul,Cloud,ahmed_nasim@bat.com; sadia_kamal@bat.com; zarrin_tasnim@bat.com,"ou=trade finance, o=british american tobacco bangladesh co. ltd., l=dhaka, c=bd",Active,367210856,60100,ERROR,SUCCESS,0,0,OK,
32,ArcelorMittal Nippon Steel India Ltd,294,Corporate,FALSE,HELP-228,,0,ArcelorMittal Nippon Steel India Limited,ArcelorMittal Nippon Steel India Limited,Not found,335800G4XYOMDYABDS23,U27100GJ1976FLC013787,ArcelorMittal Nippon Steel India Limited,Trade Finance,Surat,IN,6-Jul,Cloud,Narayan.Joshi@amns.in; pitambar.sahu@amns.in; pradeep.parte@amns.in; rajesh.patel@amns.in,"ou=trade finance, o=arcelormittal nippon steel india limited, l=surat, c=in",Active,53489564,60100,ERROR,SUCCESS,0,0,OK,
35,CHEMTECH CO.LTD,294,Corporate,FALSE,HELP-247,365M45,CWP,CHEMTECH CO. LTD,CHEMTECH CO. LTD,Not found,,3700603175,CHEMTECH CO. LTD,Trade Finance,Binh Duong,VN,6-Jul,Cloud,linhngth@scg.com; phuongntt@scg.com; thanhtra@scg.com,"ou=trade finance, o=chemtech co. ltd, l=binh duong, c=vn",Active,427638024,60100,ERROR,SUCCESS,0,0,OK,
33,AN PHAT BIOPLASTICS JOINT STOCK COMPANY,294,Corporate,FALSE,HELP-231,715J24,CWP,AN PHAT BIOPLASTICS JOINT STOCK COMPANY,AN PHAT BIOPLASTICS JOINT STOCK COMPANY,Not found,,800373586,AN PHAT BIOPLASTICS JOINT STOCK COMPANY,Trade Finance,Hai Duong,VN,5-Jul,Cloud,ap.ketoan1@anphatbioplastics.com; ap.pmh7@anphatbioplastics.com; httha@anphatbioplastics.com,"ou=trade finance, o=an phat bioplastics joint stock company, l=hai duong, c=vn",Active,160466141,60100,ERROR,SUCCESS,0,0,OK,
37,DBS BANK (HONG KONG) LIMITED,294,Bank,FALSE,HELP-261,,0,DBS BANK (HONG KONG) LIMITED,DBS BANK (HONG KONG) LIMITED,DHBKHKHH,JB11ZK3Z2RFU15QNWV97,00513603-000-04-21-2,DBS BANK (HONG KONG) LIMITED,Trade Finance,Central District,HK,9-Jul,Cloud,acasiusleong@dbs.com; alextangky@dbs.com; catherinehuangh@dbs.com; keitheng@dbs.com; leonardtanpc@dbs.com; megansoo@dbs.com; siewjinliew@dbs.com; SiewLanChing@dbs.com; YeeLee@dbs.com,"ou=trade finance, o=dbs bank (hong kong) limited, l=central district, c=hk",Active,112554448,60100,ERROR,SUCCESS,0,0,OK,
39,Polyplex (Thailand) Public Company Limited,325,Corporate,FALSE,HELP-268,850F26,CWP,Polyplex (Thailand) Public Company Limited,Polyplex (Thailand) Public Company Limited,Not found,529900B3G8NVNTYVGM61,1.07547E+11,Polyplex (Thailand) Public Company Limited,Trade Finance,Bangkok,TH,22-Jul,Cloud,supritha@polyplex.com; manisha@polyplex.com; ratheesh.aniyeri@polyplex.com; kittima@polyplex.com,"ou=trade finance, o=polyplex (thailand) public company limited, l=bangkok, c=th",Active,510564880,60100,ERROR,SUCCESS,0,0,OK,
41,Thailand Anthracite Company Limited,325,Corporate,FALSE,HELP-283,672X65,CWP,Thailand Anthracite Company Limited,Thailand Anthracite Company Limited,Not found,,1.05535E+11,Thailand Anthracite Company Limited,Trade Finance,Bangkok,TH,22-Jul,Cloud,nutthawan@thailandanthracite.com;supaporn@easternpearl.co.th;kittiya@thailandanthracite.com;supaporn@easternpearl.co.th;rattana@thailandanthracite.com,"ou=trade finance, o=thailand anthracite company limited, l=bangkok, c=th",Active,140106384,60100,ERROR,SUCCESS,0,0,OK,
42,STAVIAN CHEMICAL JOINT STOCK COMPANY,325,Corporate,FALSE,HELP-293,223L71,CWP,STAVIAN CHEMICAL JOINT STOCK COMPANY,STAVIAN CHEMICAL JOINT STOCK COMPANY,Not found,,104160054,STAVIAN CHEMICAL JOINT STOCK COMPANY,Trade Finance,Hung Yen,VN,27-Jul,Cloud,hien.nguyen@stavianchem.com; trong.duong@stavianchem.com; giang.dao@stavianchem.com; duong.nguyen@stavianchem.com,"ou=trade finance, o=stavian chemical joint stock company, l=hung yen, c=vn",Active,260365413,60100,ERROR,SUCCESS,0,0,OK,
36,MACWORLD INDUSTRIES LIMITED,325,Corporate,FALSE,HELP-253,461C28,CWP,MACWORLD INDUSTRIES LIMITED,MACWORLD INDUSTRIES LIMITED,Not found,2549009CKWERKPL5KY60,LL08375,MACWORLD INDUSTRIES LIMITED,Trade Finance,LABUAN,MY,27-Jul,Cloud,shams@macworldinc.com;export.bulk@macworldinc.com;teamaccounts@macworldinc.com;finance@macworldinc.com;praseed@macworldinc.com;praseed@macworldinc.com,"ou=trade finance, o=macworld industries limited, l=labuan, c=my",Active,242720749,60100,ERROR,SUCCESS,0,0,OK,
43,Aptec Distribution FZ-LLC,325,Corporate,FALSE,HELP-305,900V68,CWP,Aptec Distribution FZ-LLC,Aptec Distribution FZ-LLC,Not found,,20264,Aptec Distribution FZ-LLC,Trade Finance,Dubai,AE,27-Jul,Cloud,mohammad.usman@ingrammicro.com;krishnan.lakshman@ingrammicro.com;mohammed.faiyaz@ingrammicro.com,"ou=trade finance, o=aptec distribution fz-llc, l=dubai, c=ae",Active,408372966,60100,ERROR,SUCCESS,0,0,OK,
45,"LONGTEX RUBBER INDUSTRY CO.,LTD.",325,Corporate,FALSE,HELP-327,734P64,IP,LONGTEX RUBBER INDUSTRY CO. LTD.,LONGTEX RUBBER INDUSTRY CO. LTD.,Not found,,1.05527E+11,LONGTEX RUBBER INDUSTRY CO. LTD.,Trade Finance,Samut Prakan,TH,29-Jul,Cloud,purchase@longtex.co.th; itcenter@longtex.co.th; jensunwei@gmail.com,"ou=trade finance, o=longtex rubber industry co. ltd., l=samut prakan, c=th",Active,160967364,60100,ERROR,SUCCESS,0,0,OK,
21,Sumitomo Mitsui Banking Corporation (SMBC),264,Bank,FALSE,HELP-307,,0,SUMITOMO MITSUI BANKING CORPORATION SINGAPORE BRANCH,SUMITOMO MITSUI BANKING CORPORATION SINGAPORE BRANCH,SMBCSGSG,,T03FC6366F,SUMITOMO MITSUI BANKING CORPORATION SINGAPORE BRANCH,Trade Finance,Singapore,SG,29-Jul,Cloud,benny_suwe@sg.smbc.co.jp;hendry_janto@sg.smbc.co.jp;veronica_yeo@sg.smbc.co.jp;nagappan_nagappan@sg.smbc.co.jp;jason_goh@sg.smbc.co.jp,"ou=trade finance, o=sumitomo mitsui banking corporation singapore branch, l=singapore, c=sg",Active,697593286,60100,ERROR,SUCCESS,0,0,OK,
44,Singapore (Cogeneration) Steel Pte Ltd,325,Corporate,FALSE,HELP-310,506P73,CWP,SINGAPORE (COGENERATION) STEEL PTE. LTD.,SINGAPORE (COGENERATION) STEEL PTE. LTD.,Not found,213800UADFMBBZ6DYX92,200923888C,SINGAPORE (COGENERATION) STEEL PTE. LTD.,Trade Finance,Singapore,SG,29-Jul,Cloud,zy@ciec.com;xujing@ciec.com;sg@ciec.com,"ou=trade finance, o=singapore (cogeneration) steel pte. ltd., l=singapore, c=sg",Active,672528621,60100,ERROR,SUCCESS,0,0,OK,
47,"Anglo American Marketing Limited, Singapore Branch",325,#N/A,FALSE,HELP-341,,0,Anglo American Marketing Limited Singapore Branch,Anglo American Marketing Limited Singapore Branch,Not found,,T11FC0199H,Anglo American Marketing Limited Singapore Branch,Trade Finance,Singapore,SG,5-Aug,Cloud,lokechoong.foo@angloamerican.com; kenneth.ang@angloamerican.com; gordon.liew@angloamerican.com,"ou=trade finance, o=anglo american marketing limited singapore branch, l=singapore, c=sg",Active,839391795,60100,ERROR,SUCCESS,0,0,OK,
48,THAI ACRYLIC FIBRE CO. LTD.,356,Corporate,FALSE,HELP-339,788H24,IP,THAI ACRYLIC FIBRE COMPANY LIMITED,THAI ACRYLIC FIBRE COMPANY LIMITED,Not found,,1695/2530,THAI ACRYLIC FIBRE COMPANY LIMITED,Trade Finance,Bangkok,TH,5-Aug,Cloud, b.patel@adityabirla.com;sachin.nama@adityabirla.com;sritapa.n@adityabirla.com,"ou=trade finance, o=thai acrylic fibre company limited, l=bangkok, c=th",Active,214986782,60100,ERROR,SUCCESS,0,0,OK,
46,Anglo American Marketing Limited,325,Corporate,FALSE,HELP-343,,0,Anglo American Marketing Limited,Anglo American Marketing Limited,Not found,549300OQM2EOMFY1G222,405724,Anglo American Marketing Limited,Trade Finance,London,GB,6-Aug,Cloud,lokechoong.foo@angloamerican.com;kenneth.ang@angloamerican.com;gordon.liew@angloamerican.com,"ou=trade finance, o=anglo american marketing limited, l=london, c=gb",Active,698169473,60100,ERROR,SUCCESS,0,0,OK,
49,WIN FAITH TRADING LIMITED,356,Corporate,FALSE,HELP-352,487D13,CWP,WIN FAITH TRADING LIMITED,WIN FAITH TRADING LIMITED,Not found,,51287310-000-07-20-9,WIN FAITH TRADING LIMITED,Trade Finance,Hong Kong,HK,11-Aug,Cloud,OP.WINFAITH@SUMEC.COM.CN;WINFAITHFINANCE@SUMEC.COM.CN;ZHANGCS@SUMEC.COM.CN;OP.WINFAITH@SUMEC.COM.CN,"ou=trade finance, o=win faith trading limited, l=hong kong, c=hk",Active,180770833,60100,ERROR,SUCCESS,0,0,OK,
52,HBIS Group Singapore Pte Ltd,356,Corporate,FALSE,HELP-363,580H89,CWP,HBIS GROUP SINGAPORE PTE. LTD.,HBIS GROUP SINGAPORE PTE. LTD.,Not found,3003008RTA7C48MFUG08,201134899R,HBIS GROUP SINGAPORE PTE. LTD.,Trade Finance,Singapore,SG,11-Aug,Cloud,chenshuyin@hbisco.com;nijie@hbisco.com;guoqiuhong@hbisco.com;baijinyu@hbisco.com,"ou=trade finance, o=hbis group singapore pte. ltd., l=singapore, c=sg",Active,755701683,60100,ERROR,SUCCESS,0,0,OK,
50,PT Chandra Asri Petrochemical Tbk,325,Corporate,FALSE,HELP-373,220T52,CWP,PT. CHANDRA ASRI PETROCHEMICAL TBK,PT. CHANDRA ASRI PETROCHEMICAL TBK,Not found,,8.12001E+12,PT. CHANDRA ASRI PETROCHEMICAL TBK,Trade Finance,Jakarta,ID,12-Aug,Cloud,adhi.rachman@capcx.com;irawan@capcx.com;jonathan.kandinata@capcx.com,"ou=trade finance, o=pt. chandra asri petrochemical tbk, l=jakarta, c=id",Active,627200948,60100,ERROR,SUCCESS,0,0,OK,
51,RANGPUR METAL INDUSTRIES LIMITED,356,Corporate,FALSE,HELP-359,892M13,CWP,RANGPUR METAL INDUSTRIES LIMITED,RANGPUR METAL INDUSTRIES LIMITED,Not found,,000637834-0704,RANGPUR METAL INDUSTRIES LIMITED,Trade Finance,HOBIGONJ,BD,12-Aug,Cloud,rfl1210@rflgroupbd.com;bd19@prangroup.com;mis54@mis.prangroup.com,"ou=trade finance, o=rangpur metal industries limited, l=hobigonj, c=bd",Active,16001518,60100,ERROR,SUCCESS,0,0,OK,
54,Eldon Development Ltd,356,Corporate,FALSE,HELP-388,,0,Eldon Development Limited,Eldon Development Limited,Not found,,249979,Eldon Development Limited,Trade Finance,Wan Chai,HK,18-Aug,Cloud,xiaqing@sgjtgm.com; zzk@eldon-hk.com; yangran@sgjtgm.com,"ou=trade finance, o=eldon development limited, l=wan chai, c=hk",Active,863576436,60100,ERROR,SUCCESS,0,0,OK,
55,Kumba Singapore Pte Ltd,356,Corporate,FALSE,HELP-390,,0,Kumba Singapore Pte Ltd,Kumba Singapore Pte Ltd,Not found,549300WDSRHG1U1Z7C46,201212769W,Kumba Singapore Pte Ltd,Trade Finance,Singapore,SG,18-Aug,Cloud,kenneth.ang@angloamerican.com; gordon.liew@angloamerican.com; lokechoong.foo@angloamerican.com,"ou=trade finance, o=kumba singapore pte ltd, l=singapore, c=sg",Active,157362304,60100,ERROR,SUCCESS,0,0,OK,
53,Industrial and Commercial Bank of China (Asia) Limited,356,Bank,FALSE,HELP-386,,0,INDUSTRIAL AND COMMERCIAL BANK OF CHINA (ASIA) LIMITED,INDUSTRIAL AND COMMERCIAL BANK OF CHINA (ASIA) LIMITED,UBHKHKHHXXX,,10837,INDUSTRIAL AND COMMERCIAL BANK OF CHINA (ASIA) LIMITED,Trade Finance,Hong Kong,HK,18-Aug,Cloud,tradefinance@icbcasia.com,"ou=trade finance, o=industrial and commercial bank of china (asia) limited, l=hong kong, c=hk",Active,187135132,60100,ERROR,SUCCESS,0,0,OK,
58,Jidong Development (HK) International Limited,356,Corporate,FALSE,HELP-407,313H57,CWP,Jidong Development (HK) International Limited,Jidong Development (HK) International Limited,Not found,,1704590,Jidong Development (HK) International Limited,Trade Finance,Kowloon Bay,HK,20-Aug,Cloud,helen.he@ijdhk.com; zhoucui@ijdhk.com; rainy.du@ijdhk.com,"ou=trade finance, o=jidong development (hk) international limited, l=kowloon bay, c=hk",Active,786604617,60100,ERROR,SUCCESS,0,0,OK,
60,Bajaj Auto Limited,356,Corporate,FALSE,HELP-419,743V98,CWP,Bajaj Auto Limited,Bajaj Auto Limited,Not found,335800DLAO5NCNN8G863,130076,Bajaj Auto Limited,Trade Finance,Pune,IN,24-Aug,Cloud,jdshah@bajajauto.co.in; savalecha@bajajauto.co.in,"ou=trade finance, o=bajaj auto limited, l=pune, c=in",Active,266516712,60100,ERROR,SUCCESS,0,0,OK,
61,TPT Petrochemicals PCL,356,Corporate,FALSE,HELP-426,279P56,CWP,TPT PETROCHEMICALS PUBLIC COMPANY LIMITED,TPT PETROCHEMICALS PUBLIC COMPANY LIMITED,Not found,,1.07538E+11,TPT PETROCHEMICALS PUBLIC COMPANY LIMITED,Trade Finance,Bangkok,TH,25-Aug,Cloud,IVL_finance_trade@indorama.net;manish.g@indorama.net;montien.p@indorama.net;prachit.p@indorama.net,"ou=trade finance, o=tpt petrochemicals public company limited, l=bangkok, c=th",Active,419250959,60100,ERROR,SUCCESS,0,0,OK,
62,Indorama Petrochem Ltd,356,Corporate,FALSE,HELP-429,658Q64,CWP,INDORAMA PETROCHEM LIMITED,INDORAMA PETROCHEM LIMITED,Not found,549300MB5BDYV4UR5O77,1.05546E+11,INDORAMA PETROCHEM LIMITED,Trade Finance,Bangkok,TH,25-Aug,Cloud,IVL_finance_trade@indorama.net;manish.g@indorama.net;montien.p@indorama.net;prachit.p@indorama.net,"ou=trade finance, o=indorama petrochem limited, l=bangkok, c=th",Active,76611502,60100,ERROR,SUCCESS,0,0,OK,
57,Indorama Polyster Industries PCL,356,Corporate,FALSE,HELP-412,124M46,CWP,Indorama Polyester Industries Public Company Limited,Indorama Polyester Industries Public Company Limited,Not found,,1.07537E+11,Indorama Polyester Industries Public Company Limited,Trade Finance,Bangkok,TH,24-Aug,Cloud,IVL_finance_trade@indorama.net;manish.g@indorama.net;montien.p@indorama.net;prachit.p@indorama.net,"ou=trade finance, o=indorama polyester industries public company limited, l=bangkok, c=th",Active,299071760,60100,ERROR,SUCCESS,0,0,OK,
38,DBS BANK (CHINA) LIMITED,264,Bank,FALSE,HELP-442,,0,DBS Bank (China) Limited,DBS Bank (China) Limited,DBSSCNSH,549300BPHEJP44XN4232,9.131E+16,DBS Bank (China) Limited,Trade Finance,Shanghai,CN,26-Aug,Cloud,ianding@dbs.com; jeremyzheng@dbs.com; wendywu@dbs.com; catherinechenxp@dbs.com; chesterhao@dbs.com,"ou=trade finance, o=dbs bank (china) limited, l=shanghai, c=cn",Active,364992398,60100,ERROR,SUCCESS,0,0,OK,
64,Asia Pet (Thailand) Ltd.,356,Corporate,FALSE,HELP-453,987I53,CWP,ASIA PET (THAILAND) LIMITED,ASIA PET (THAILAND) LIMITED,Not found,,1.05544E+11,ASIA PET (THAILAND) LIMITED,Trade Finance,Bangkok,TH,27-Aug,Cloud,IVL_finance_trade@indorama.net;manish.g@indorama.net;montien.p@indorama.net;prachit.p@indorama.net,"ou=trade finance, o=asia pet (thailand) limited, l=bangkok, c=th",Active,34682411,60100,ERROR,SUCCESS,0,0,OK,
65,EMIRCOM LLC,356,Corporate,FALSE,HELP-462,410K14,CWP,EMIRCOM LLC,EMIRCOM LLC,Not found,,CN-1018601,EMIRCOM LLC,Trade Finance,Abu Dhabi,AE,1-Sep,Cloud,yusaf@emircom.com; sudhakar.aravind@emircom.com; yuvaraj@emircom.com,"ou=trade finance, o=emircom llc, l=abu dhabi, c=ae",Active,364873783,60100,ERROR,SUCCESS,0,0,OK,
56,Military Commercial Joint Stock Bank,356,Bank,FALSE,HELP-474,,0,MILITARY COMMERCIAL JOINT STOCK BANK,MILITARY COMMERCIAL JOINT STOCK BANK,MSCBVNVX ,,100283873,MILITARY COMMERCIAL JOINT STOCK BANK,Trade Finance,Ha Noi,VN,2-Sep,Cloud,"tfcenter.ho@mbbank.com.vn;dwnk.ho@mbbank.com.vn,dvxnk.kvpn@mbbank.com.vn;kienbv@mbbank.com.vn","ou=trade finance, o=military commercial joint stock bank, l=ha noi, c=vn",Active,331079860,60100,ERROR,SUCCESS,0,0,OK,
66,Genesis Fashions Ltd.,356,Corporate,FALSE,HELP-477,,0,Genesis Fashions Ltd.,Genesis Fashions Ltd.,Not found,254900A9MZW1NHYXD737,C-23274(1679)/92,Genesis Fashions Ltd.,Trade Finance,Gazipur,BD,3-Sep,Cloud,syed_harun@mj-group.com; maksudur_rahman@mj-group.com,"ou=trade finance, o=genesis fashions ltd., l=gazipur, c=bd",ERROR,ERROR,#N/A,ERROR,NOT FOUND,0,0,ERROR,
68,Columbia Apparels Ltd.,356,Corporate,FALSE,HELP-486,,0,Columbia Apparels Ltd.,Columbia Apparels Ltd.,Not found,5493000D613K0WEHRU36,C-38340(298)/99,Columbia Apparels Ltd.,Trade Finance,Gazipur,BD,7-Sep,Cloud,syed_harun@mj-group.com; maksudur_rahman@mj-group.com,"ou=trade finance, o=columbia apparels ltd., l=gazipur, c=bd",ERROR,ERROR,#N/A,ERROR,NOT FOUND,0,0,ERROR,
70,Epyllion Style Ltd,386,Corporate,FALSE,HELP-490,,CWP,Epyllion Style Limited,Epyllion Style Limited,Not found,C-55796,C-55796(2479)/05,Epyllion Style Limited,Trade Finance,Dhaka,BD,7-Sep,Cloud,jewel@epylliongroup.com; mithu@epylliongroup.com; arshad@epylliongroup.com,"ou=trade finance, o=epyllion style limited, l=dhaka, c=bd",ERROR,ERROR,#N/A,ERROR,NOT FOUND,0,0,ERROR,
67,Columbia Garments Ltd.,356,Corporate,FALSE,HELP-484,816X37,BGWG,Columbia Garments Ltd.,Columbia Garments Ltd.,Not found,549300IF5HJJZ4H32K82,C-18822(676)/89 ,Columbia Garments Ltd.,Trade Finance,Gazipur,BD,7-Sep,Cloud,syed_harun@mj-group.com;maksudur_rahman@mj-group.com,"ou=trade finance, o=columbia garments ltd., l=gazipur, c=bd",ERROR,ERROR,#N/A,ERROR,NOT FOUND,0,0,ERROR,
71,Epyllion Knitwears Ltd,386,Corporate,FALSE,HELP-492,487D14,BGWG,EPYLLION KNITWEARS LTD.,EPYLLION KNITWEARS LTD.,Not found,254900MCDRCHRFQMBK52,C-49243(1232)/2003 ,EPYLLION KNITWEARS LTD.,Trade Finance,Dhaka,BD,7-Sep,Cloud,jewel@epylliongroup.com;mithu@epylliongroup.com;arshad@epylliongroup.com,"ou=trade finance, o=epyllion knitwears ltd., l=dhaka, c=bd",ERROR,ERROR,#N/A,ERROR,NOT FOUND,0,0,ERROR,
69,Columbia Washing Plant Ltd.,356,Corporate,FALSE,HELP-488,897X43,BGWG,Columbia Washing Plant Ltd.,Columbia Washing Plant Ltd.,Not found,254900EA5VOL2166D523,C-38341(299)/99,Columbia Washing Plant Ltd.,Trade Finance,Gazipur,BD,7-Sep,Cloud,syed_harun@mj-group.com;maksudur_rahman@mj-group.com,"ou=trade finance, o=columbia washing plant ltd., l=gazipur, c=bd",ERROR,ERROR,#N/A,ERROR,NOT FOUND,0,0,ERROR,